{"mean_fit_time":{"0":5.4258677959,"1":13.6952437162,"2":8.23011446},"std_fit_time":{"0":0.0879435539,"1":0.0089608431,"2":1.0588707924},"mean_score_time":{"0":0.0004987717,"1":0.0016807318,"2":0.0030046701},"std_score_time":{"0":0.0004987717,"1":0.000312686,"2":0.0009917021},"param_activation":{"0":"tanh","1":"tanh","2":"tanh"},"param_alpha":{"0":0.65,"1":0.65,"2":0.65},"param_hidden_layer_sizes":{"0":10,"1":50,"2":20},"param_max_iter":{"0":5000,"1":5000,"2":5000},"param_solver":{"0":"lbfgs","1":"lbfgs","2":"lbfgs"},"params":{"0":{"activation":"tanh","alpha":0.65,"hidden_layer_sizes":10,"max_iter":5000,"solver":"lbfgs"},"1":{"activation":"tanh","alpha":0.65,"hidden_layer_sizes":50,"max_iter":5000,"solver":"lbfgs"},"2":{"activation":"tanh","alpha":0.65,"hidden_layer_sizes":20,"max_iter":5000,"solver":"lbfgs"}},"split0_test_score":{"0":0.558,"1":0.634,"2":0.604},"split1_test_score":{"0":0.486,"1":0.994,"2":0.636},"mean_test_score":{"0":0.522,"1":0.814,"2":0.62},"std_test_score":{"0":0.036,"1":0.18,"2":0.016},"rank_test_score":{"0":3,"1":1,"2":2}}